loc_rowid_x,pl_name,hostname,default_flag,sy_snum_x,sy_pnum_x,pl_orbper,pl_orbsmax,pl_rade,pl_masse,pl_dens,pl_orbeccen,pl_insol,pl_eqt,loc_rowid_y,sy_snum_y,sy_pnum_y,cb_flag,st_spectype,st_teff,st_rad,st_mass,st_met,st_lum,st_age,st_rotp,spectral_bin,pl_mass_kg,pl_radius_m,density_calc,v_esc,P_yr,a_calc,flux_calc,tidal_lock_score,Habitability_Physics_Percent,Habitability_ML_Percent
23498,Kepler-304 e,Kepler-304,1,1,4,1.499146953,0.023797572040034767,1.2,1.4558390586094703,4.64491748371411,0.0,-917.9897031979707,,29346,1,4,0,,4817.0,0.73,0.8,0.05,-0.51988,2.09,,K,8.694270858015757e+24,7645200.0,4.64491748371411,12320.831467654554,0.004104440665297741,0.023797572040034767,-917.9897031979707,0.009011774887248858,48.20670947953367,40.776447
36290,TOI-1648 b,TOI-1648,1,1,1,7.331602,0.0694,2.54,7.4,2.49,0.178,-107.9404363461203,799.0,43477,1,1,0,,4850.0,0.81,0.83,0.2,-0.51988,5.7,,K,4.41928e+25,16182340.0,2.489653708898634,19092.94661305796,0.02007283230663929,0.06941155945785012,-107.9404363461203,0.028368986302130136,7.243213201837138,14.891264
22146,Kepler-267 b,Kepler-267,1,1,3,3.353728,0.037,1.98,,,0.0,30.233747260774294,,28176,1,3,0,,,0.94,0.96,,0.04139,,,,,12614580.0,,,0.009182006844626967,0.043256245273110096,30.233747260774294,0.01300598422276684,,
21762,Kepler-256 b,Kepler-256,1,1,4,1.620493,0.027,1.59,2.5994296964244965,3.5652917780649522,0.0,56.7764060356653,,27865,1,4,0,,5649.0,0.91,1.02,,0.04139,,,G,1.5523794147047094e+25,10129890.0,3.5652917780649522,14302.581544898461,0.00443666803559206,0.027179284130659048,56.7764060356653,0.009231115459616017,24.174870849687267,31.935415
11688,Kepler-133 c,Kepler-133,1,1,2,31.517586,0.204,2.84,,,0.0,0.9945693963860056,,16976,1,2,0,,5491.0,0.82,0.96,-0.16,0.04139,,,G,,18093640.0,,,0.0862904476386037,0.1926336819179482,0.9945693963860056,0.7864263269324656,,
27292,Kepler-444 e,Kepler-444,1,3,5,7.743493,0.0696,0.546,0.2874860951331234,9.73749595700036,0.1,-107.3209803144405,,32897,3,5,0,,5051.0,0.721,0.692,-0.36,-0.51988,,,K,1.716866960135013e+24,3478566.0000000005,9.73749595700036,8116.822657583161,0.021200528405201917,0.0677537215785529,-107.3209803144405,0.03073007251945435,21.026833895078774,31.943546
10118,Kepler-122 c,Kepler-122,1,1,5,12.465988,0.108,5.87,,,0.0,3.5485253772290815,,15146,1,5,0,,5868.0,0.769,0.96,-0.202,0.04139,,,G,,37397770.0,,,0.03413001505817933,0.10379618647552483,3.5485253772290815,0.07538268023693748,,
18815,Kepler-192 c,Kepler-192,1,1,3,21.2234,0.15,2.79,,,0.0,1.8395555555555558,,25152,1,3,0,,,0.94,0.96,,0.04139,,,,,17775090.0,,,0.058106502395619444,0.1479926797545997,1.8395555555555558,0.3196632061205997,,
29768,Kepler-604 b,Kepler-604,1,1,1,25.85501786,0.17342830844585228,2.59,,,0.0,15.067636461949254,,35642,1,1,0,,6122.0,0.964,1.041,-0.18,0.453195,,,F,,16500890.0,,,0.07078718099931554,0.17342830844585228,15.067636461949254,0.5426470191489571,,
27778,Kepler-48 e,Kepler-48,1,1,5,982.0,1.9040658591270991,2.23,657.0,326.6323194812777,0.0,0.011416460922185975,,33382,1,5,0,,5296.0,0.852,0.955,0.3,0.04139,,,G,3.923604e+27,14207330.0,326.6323194812777,192001.31798150894,2.6885694729637235,1.9040658591270991,0.011416460922185975,1.0,11.65644915338036,10.585393
27415,Kepler-45 b,Kepler-45,1,1,1,2.455239,0.03,10.76,160.497,0.8,0.11,-577.6444444444445,1000.0,32983,1,1,0,,3948.0,0.55,0.74,,-0.51988,,,K,9.584880840000001e+26,68551960.0,0.7102945452997254,43201.74413893077,0.0067220780287474335,0.032216592671969156,-577.6444444444445,0.010890090608928371,1.0570914522188002,4.1623573
19949,Kepler-207 b,Kepler-207,1,1,3,1.611865,0.029,1.57,2.5325223335609333,3.6079682012336924,0.0,635.3151010701546,,26352,1,3,0,,5966.0,1.73156,1.09,,0.5343,,,G,1.5124223376025894e+25,10002470.0,3.6079682012336924,14206.947396633082,0.004413045859000685,0.027688608222378536,635.3151010701546,0.009215346649239538,25.070692183205658,28.505478
39173,rho CrB b,rho CrB,1,1,4,39.8438,0.2245,2.23,,,0.038,0.8212260851880696,,46786,1,4,0,,,0.94,0.96,,0.04139,,,,,14207330.0,,,0.10908637919233402,0.22521851758775854,0.8212260851880696,0.9511426860826896,,
5937,K2-77 b,K2-77,1,1,1,8.2000844,0.0753,2.4996027,,,0.29,-87.77462086139725,806.0,10263,1,1,0,,4865.6,0.793476,0.793,0.237,-0.49769,,,K,,15924968.8017,,,0.022450607529089665,0.07366193578782054,-87.77462086139725,0.03356977091233354,,
37211,TOI-5799 c,TOI-5799,1,1,2,14.010449,0.0782,1.76,,,0.0,-292.24527573733815,337.0,44675,1,2,0,,3521.0,0.343358,0.32653,,-1.78715,,,M,,11212960.0,,,0.03835851882272416,0.07832172584954851,-292.24527573733815,0.09993831088085958,,
8485,Kepler-11 d,Kepler-11,1,1,6,22.6845,0.155,3.12,7.3,1.28,0.004,1.7227887617065558,,13094,1,6,0,,5657.0,1.046,0.921,0.0,0.04139,,,G,4.3595600000000005e+25,19877520.0,1.3251573586673717,17110.318338743196,0.06210677618069815,0.15258524328437467,1.7227887617065558,0.38625067583648137,17.330803037343617,18.42937
723,GJ 4276 b,GJ 4276,1,1,1,13.352,0.082,2.23,,,0.37,6.155562165377751,,1288,1,1,0,M4,,0.94,0.96,,0.04139,,,,,14207330.0,,,0.03655578370978782,0.10865785907548965,6.155562165377751,0.08870099118586323,,
37827,WASP-127 b,WASP-127,1,2,1,4.17806203,0.0484,14.694999,52.346601,0.097,0.0,110.03773649340891,,45318,2,1,0,,5858.05,1.30627,0.96,,0.25777,,,G,3.12613901172e+26,93621838.629,0.09094695835117987,21112.196517630106,0.011438910417522246,0.05008182929673237,110.03773649340891,0.015301455493141323,1.233300479641913,0.0
22567,Kepler-279 e,Kepler-279,1,1,4,98.3531,0.4113602248015998,2.23,56.0,7.3,0.0,0.2445968350112596,,28537,1,4,0,,,0.94,0.96,,0.04139,,,,3.34432e+26,14207330.0,27.840806531128692,56055.15252647682,0.26927611225188225,0.4113602248015998,0.2445968350112596,0.9999995747635312,25.89353664152093,
39104,eps Eri b,eps Eri,1,1,1,2671.0,3.53,2.23,209.76674862,104.28706187488083,0.07,-0.03659446749432225,,46633,1,1,0,K2.0V,5146.0,0.77,0.86,-0.03,-0.456,2.6,,K,1.25272702275864e+27,14207330.0,104.28706187488083,108490.0347917685,7.312799452429843,3.58279472417206,-0.03659446749432225,1.0,11.223883089216764,8.792307
9815,Kepler-1197 b,Kepler-1197,1,1,1,2.03231845,0.028680453483227872,1.25,1.5835603779644762,4.470055983050801,0.0,-632.020379598197,,14731,1,1,0,,4762.0,0.673,0.762,0.17,-0.51988,1.29,,K,9.457022577203853e+24,7963750.0,4.470055983050801,12590.305363139794,0.005564184668035592,0.028680453483227872,-632.020379598197,0.010015689217861936,45.00711793969345,39.51206
20741,Kepler-229 b,Kepler-229,1,1,3,6.252972,0.062,2.2,,,0.0,-142.99687825182102,,27039,1,3,0,,4887.5,0.740694,0.74,,-0.54968,,,K,,14016200.000000002,,,0.01711970431211499,0.060081589376986946,-142.99687825182102,0.02299071762380452,,
3553,HD 51608 b,HD 51608,1,1,2,14.0726,0.1059,2.23,,,0.09,-21.768536426386184,,6678,1,2,0,G7 V,5358.0,0.963,0.8,-0.07,-0.24413,,40.0,G,,14207330.0,,,0.038528678986995205,0.10589758957843769,-21.768536426386184,0.10106198879698305,,
20980,Kepler-235 d,Kepler-235,1,1,4,20.060548,0.122,2.05,,,0.0,-34.92878258532652,,27200,1,4,0,,3949.0,0.607,0.74,,-0.51988,,,K,,13060549.999999998,,,0.0549227871321013,0.13069098120185885,-34.92878258532652,0.2713289644705635,,
491,EPIC 212624936 b,EPIC 212624936,1,1,2,0.578657,0.013590037580562417,1.2,1.4558390586094703,4.64491748371411,0.0,-669.8282986821922,,866,1,2,0,,5627.0,0.912526,1.0,,-0.12371,,,G,8.694270858015757e+24,7645200.0,4.64491748371411,12320.831467654554,0.0015842765229295002,0.013590037580562417,-669.8282986821922,0.007507860159170451,48.19167033225289,43.353382
14899,Kepler-1576 b,Kepler-1576,1,1,1,6.98471973,0.0725447529349999,1.04,1.0841482645674334,5.313700050452858,0.0,7.864722698102012,,20553,1,1,0,,5839.0,1.227,1.044,0.12,0.04139,,,G,6.474533435996713e+24,6625840.0,5.313700050452858,11420.934122579694,0.019123120410677617,0.0725447529349999,7.864722698102012,0.026517987943568765,54.95315656328753,46.333683
4664,K2-180 b,K2-180,1,1,1,8.865663,0.0756,2.46597575,11.41003981,4.16,0.075,-76.81755829903977,797.5,8823,1,1,0,,5368.0,0.697439,0.93,,-0.43904,,,G,6.814075774532001e+25,15710731.503250001,4.1949726112843315,24061.5242593196,0.024272862422997945,0.0818292013343566,-76.81755829903977,0.038167079698463724,12.450536514423824,11.27076
39168,pi Men d,HD 39091,1,1,3,124.64,0.4817279979403261,2.23,,,0.22,0.17835761243420964,,6291,1,3,0,G0 V,,0.94,0.96,,0.04139,,,,,14207330.0,,,0.34124572210814513,0.4817279979403261,0.17835761243420964,0.9999999977849703,,
12995,Kepler-1425 b,Kepler-1425,1,1,1,14.4541302,0.11174473241939094,0.94,0.8803256953249579,5.843434658691767,0.0,3.314677700581978,,18405,1,1,0,,5642.0,0.93,0.891,,0.04139,8.1,,G,5.257305052480649e+24,5988740.0,5.843434658691767,10825.095066929392,0.03957325174537988,0.11174473241939094,3.314677700581978,0.10820835325443748,55.306591504078604,49.657154
23050,Kepler-292 f,Kepler-292,1,1,5,20.834237,0.141,2.35,,,0.0,2.081887229012626,,28974,1,5,0,,5296.0,0.808,0.821,-0.1,0.04139,,,G,,14971850.0,,,0.05704103216974676,0.13875201626224132,2.081887229012626,0.30297888242500864,,
30010,Kepler-62 b,Kepler-62,1,1,5,5.714932,0.0553,1.31,9.0,22.071761617880167,0.0,-170.00153690702365,750.0,35947,1,5,0,,4797.0,0.653,0.637,-0.46,-0.51988,,,K,5.3748000000000005e+25,8346010.0,22.071761617880167,29319.702785489855,0.015646631074606433,0.05382619815514666,-170.00153690702365,0.02069373156857215,14.865463966254588,36.36017
33091,Kepler-84 f,Kepler-84,1,1,5,44.552169,0.25,2.2,,,0.0,7.25112,,39562,1,5,0,,6036.0,1.131,0.987,-0.18,0.453195,,,F,,14016200.000000002,,,0.1219771909650924,0.24488271748315743,7.25112,0.980361583635409,,
36916,TOI-411 b,HD 22946,1,1,3,4.040295,0.05727,1.362,13.71,18.96,0.0,495.139,1241.0,5670,1,3,0,,6161.0,1.11672,1.17,,0.20919,,,F,8.187612000000002e+25,8677302.0,29.916756495985844,35489.84726024122,0.011061724845995895,0.052313107839275494,63.7802994152573,0.014891796434657864,12.220494164003664,35.88896
7999,Kepler-107 b,Kepler-107,1,1,4,3.1800218,0.04544,1.536,3.8,5.8,0.1,1073.0,1592.0,12536,1,4,0,,5725.0,0.999,0.96,-0.092,0.04139,,,G,2.26936e+25,9785856.0,5.781204393240741,17594.2252250137,0.008706425188227241,0.04174940842760713,20.045587123090655,0.012567479939022673,24.181914816290544,18.519754
23569,Kepler-306 c,Kepler-306,1,1,4,7.240193,0.067,2.35,,,0.0,-115.81198485186009,,29396,1,4,0,,5027.0,0.877,0.74,0.155,-0.51988,,,K,,14971850.0,,,0.01982256810403833,0.06624969028867947,-115.81198485186009,0.027869384959161667,,
14047,Kepler-1509 b,Kepler-1509,1,1,1,25.4338197,0.16696982299835028,1.85,,,0.0,1.484634173037782,,19574,1,1,0,,,0.94,0.96,,0.04139,,,,,11786350.0,,,0.06963400328542095,0.16696982299835028,1.484634173037782,0.521677387791768,,
9381,Kepler-1161 b,Kepler-1161,1,1,1,10.71252541,0.07696496038601043,2.13,,,0.0,-87.76412148254904,,14134,1,1,0,,4083.0,0.519,0.53,-0.5,-0.51988,,,K,,13570230.0,,,0.029329296125941134,0.07696496038601043,-87.76412148254904,0.05429518594993265,,
11454,Kepler-1315 b,Kepler-1315,1,1,2,0.84338011,0.016278145541809973,1.38,1.9415604555600283,4.0730714942799695,0.0,-1961.9740366616697,,16737,1,2,0,,4818.0,0.856,0.809,0.56,-0.51988,,,K,1.159499904060449e+25,8791980.0,4.0730714942799695,13268.13471678827,0.0023090488980150583,0.016278145541809973,-1961.9740366616697,0.007912841819659785,36.01627680094882,33.897457
8794,Kepler-112 b,Kepler-112,1,1,2,8.408878,0.076,2.36,,,0.0,7.165858725761773,,13418,1,2,0,,5763.0,0.957,0.766,-0.56,0.04139,,,G,,15035560.0,,,0.02302225325119781,0.07404711480318288,7.165858725761773,0.03495124948657848,,
2068,HD 11343 c,HIP 8541,1,2,2,228.53731,0.923,2.23,,,0.169,0.048583860861644575,,8121,2,2,0,,,0.94,2.009,,0.04139,,,,,14207330.0,,,0.625701054072553,0.9230769434318558,0.048583860861644575,1.0,,
2334,HD 143361 b,HD 143361,1,1,1,1039.15,1.988,2.23,,,0.197,-0.023154520685481093,,3709,1,1,0,G6 V,5505.0,0.99,0.95,0.22,-0.09151,5.0,,G,,14207330.0,,,2.8450376454483233,1.9737851627469984,-0.023154520685481093,1.0,,
25527,Kepler-366 b,Kepler-366,1,1,2,3.281959,0.045,1.46,2.1805541845348473,3.8629286807690155,0.0,20.439506172839508,,31122,1,2,0,,5926.0,0.95,0.96,,0.04139,,,G,1.3022269590042108e+25,9301660.0,3.8629286807690155,13670.392063694104,0.008985514031485285,0.04263690731934189,20.439506172839508,0.012823009129181544,30.94318134891439,36.645416
29103,Kepler-561 b,Kepler-561,1,1,2,58.3620495,0.2917860243948966,6.96,,,0.0,0.4861457046490684,,34897,1,2,0,,5592.0,0.953,0.973,0.16,0.04139,,,G,,44342160.0,,,0.15978658316221767,0.2917860243948966,0.4861457046490684,0.9987362533593114,,
19534,Kepler-199 c,Kepler-199,1,1,2,67.093408,0.316,3.25,,,0.0,0.41449687550072106,,25938,1,2,0,,5722.0,1.213,0.96,-0.157,0.04139,,,G,,20705750.0,,,0.1836917399041752,0.3187744434509564,0.41449687550072106,0.9997793432609897,,
24970,Kepler-347 b,Kepler-347,1,1,3,12.79836,0.11,1.97,,,0.0,3.4206611570247936,,30610,1,3,0,,,0.94,0.96,,0.04139,,,,,12550870.0,,,0.03504,0.10563304750794698,3.4206611570247936,0.0801487270724418,,
25807,Kepler-375 b,Kepler-375,1,1,2,12.125934,0.101,1.45,2.149899133205535,3.887965946362879,0.0,4.0574453484952455,,31372,1,2,0,,5826.0,0.88,0.985,,0.04139,0.4,,G,1.2839197623503456e+25,9237950.0,3.887965946362879,13620.686522135247,0.033198997946611915,0.10277687151869096,4.0574453484952455,0.07077709627731268,32.12738231864585,36.359074
12147,Kepler-1365 c,Kepler-1365,1,1,2,4.77468005,0.054742729098453895,0.8,0.6314883940739978,6.799919740129027,0.0,13.811553730014055,,17487,1,2,0,,5592.0,0.935,0.96,0.001,0.04139,,,G,3.7712486894099154e+24,5096800.0,6.799919740129027,9938.289643337988,0.01307236153319644,0.054742729098453895,13.811553730014055,0.01720730863280307,46.622124836962456,52.242367
4927,K2-22 b,K2-22,1,2,1,0.381073,0.008676189979606098,2.3,,,0.0,-6906.293076218796,,9106,2,1,0,M0 V,3830.0,0.57,0.6,0.03,-0.51988,,,K,,14653299.999999998,,,0.0010433210130047913,0.008676189979606098,-6906.293076218796,0.007219059175485416,,
14520,Kepler-1542 e,Kepler-1542,1,1,4,5.10115756,0.05666908799918267,0.76,0.5681669927527592,7.13581525589562,0.0,12.888517916424378,,20083,1,4,0,,5574.0,1.065,0.933,0.12,0.04139,,,G,3.393093280719478e+24,4841960.0,7.13581525589562,9671.752191548165,0.013966208240930868,0.05666908799918267,12.888517916424378,0.018347059867030446,43.035565417709705,53.702076
27779,Kepler-48 f,Kepler-48,1,1,5,5219.681854,5.719187877,2.23,,,0.015283,-0.010548743157208941,,33361,1,5,0,,5119.33,0.854487,0.74,,-0.34504,,,K,,14207330.0,,,14.290710072553047,5.326555365289797,-0.010548743157208941,1.0,,
3261,HD 290327 b,HD 290327,1,1,1,2443.0,3.43,2.23,,,0.08,-0.011660957594199696,,5976,1,1,0,,5505.0,0.938735,0.97,-0.14,-0.13719,,,G,,14207330.0,,,6.6885694729637235,3.5140888637113203,-0.011660957594199696,1.0,,
3149,HD 23472 b,HD 23472,1,1,5,17.667087,0.1162,2.0,8.32,6.15,0.072,16.0,543.0,5733,1,5,0,,4813.0,0.69,0.74,,-0.51988,,,K,4.968704000000001e+25,12742000.0,5.733789088132657,22815.007819664068,0.04836984804928131,0.12007715473942483,-38.50267062841976,0.18746259772525706,16.418790003045704,15.517069
29443,Kepler-585 b,Kepler-585,1,1,1,2.752359753,0.03791697891336712,2.83,,,0.0,28.789092314695367,,35276,1,1,0,,5593.0,0.93,0.96,0.03,0.04139,3.63,,G,,18029930.0,,,0.007535550316221766,0.03791697891336712,28.789092314695367,0.011549138915154817,,
14341,Kepler-1530 d,Kepler-1530,1,1,3,9.20761013,0.08481282762321385,3.27870115,,,0.0,5.754032905001386,,19902,1,3,0,,,0.94,0.96,,0.04139,,,,,20888605.02665,,,0.025209062642026013,0.08481282762321385,5.754032905001386,0.040758519044511984,,
33599,Kepler-883 b,Kepler-883,1,1,1,12.98495573,0.10193300763256277,1.78,,,0.0,43.61696395597139,,40271,1,1,0,,6212.0,0.945,0.838,-0.82,0.453195,,,F,,11340380.0,,,0.03555087126625599,0.10193300763256277,43.61696395597139,0.08294354390476107,,
28237,Kepler-51 d,Kepler-51,1,1,4,130.194,0.509,9.7,7.6,0.046,0.008,1.7492405849907944,381.0,33875,1,4,0,,6018.0,0.94,1.04,,0.453195,0.3,,F,4.53872e+25,61798699.99999999,0.04590994410186028,9901.360786498912,0.3564517453798768,0.5093444873783249,1.7492405849907944,0.9999999992706008,30.666439114879037,17.409773
22457,Kepler-276 c,Kepler-276,1,1,3,31.884,0.2030739803918605,2.9,16.6,3.752515275762801,0.0,10.989464919207624,,28484,1,3,0,,6102.0,1.026,1.099,0.0,0.453195,,,F,9.913520000000002e+25,18475900.0,3.752515275762801,26762.64305274755,0.08729363449691992,0.2030739803918605,10.989464919207624,0.7984765744790217,18.232772863821516,17.40992
1794,HATS-60 b,HATS-60,1,1,1,3.560829,0.04708,12.923977,210.40346,0.537,0.191,903.9,1528.0,2523,1,1,0,,5688.0,1.46,1.097,0.335,0.30016,7.55,,G,1.25652946312e+27,82338657.46700001,0.5373691403542394,45133.842296208764,0.009749018480492814,0.04706623637970679,135.4190953917806,0.013548555069711596,0.8256185661867727,3.1615555
3442,HD 40307 d,HD 40307,1,1,5,20.432,0.1321,2.23,,,0.07,-29.79185016283285,,6345,1,5,0,K3 V,4977.0,0.721,0.77,-0.31,-0.51988,,,K,,14207330.0,,,0.05593976728268309,0.1340635386650284,-29.79185016283285,0.28626373113890524,,
22550,Kepler-279 c,Kepler-279,1,1,4,35.736,0.23232765476717643,4.3,49.4,3.425547205734102,0.0,8.396210010053995,,28549,1,4,0,,6779.0,1.27,1.31,,0.453195,0.22,,F,2.950168e+26,27395300.0,3.425547205734102,37914.31406998649,0.09783983572895276,0.23232765476717643,8.396210010053995,0.895406837443409,17.713498967049095,18.13078
262,CoRoT-1 b,CoRoT-1,1,1,1,1.5089557,0.02539888126826248,16.7,327.35,0.38,0.0,461.8331051576019,1898.0,527,1,1,0,,5907.67,1.345204,0.96,,0.29793,,,G,1.9549342000000002e+27,106395700.0,0.38749964263315456,49524.704590819885,0.004131295550992471,0.02539888126826248,461.8331051576019,0.009029311298839618,0.6565260143578808,0.8262255
3200,HD 260655 b,HD 260655,1,1,2,2.76953,0.02933,1.24,2.14,6.2,0.039,42.2,709.0,5829,1,2,0,,3807.0,0.465559,0.463011,,-1.38702,,,K,1.2780080000000001e+25,7900040.0,6.188096709461677,14695.01388417293,0.007582559890485969,0.029858936542078496,-1612.347310179647,0.011588407014567923,42.5873665358761,37.227894
36930,TOI-4155 b,TOI-4155,1,1,1,3.320729,0.045770058754714175,3.21,,,0.0,19.75752256162753,1255.0,44309,1,1,0,,5724.0,0.95,1.16,0.11,0.04139,,,G,,20450910.0,,,0.009091660506502395,0.045770058754714175,19.75752256162753,0.01292153545160121,,
2972,HD 210702 b,HD 210702,1,1,1,355.5,1.079,2.23,,,0.071,0.8893605361776472,,5242,1,1,0,K1 IV,4912.0,4.54,1.33,-0.02,1.03543,,,K,,14207330.0,,,0.973305954825462,1.080065599770292,0.8893605361776472,1.0,,
26641,Kepler-407 b,Kepler-407,1,1,2,0.6693124,0.014772347272812878,1.19,1.93,6.314294001620588,0.0,189.66902388627435,,32174,1,2,0,,5627.0,1.07,0.96,,0.04139,,,G,1.152596e+25,7581490.0,6.314294001620588,14245.547017530595,0.0018324774811772759,0.014772347272812878,189.66902388627435,0.0076441772577973115,45.53584551441688,42.16209
2134,HD 118203 b,HD 118203,1,1,2,6.1349779,0.0713,12.778238,680.15279098,1.79,0.3136,127.03370976593774,1361.0,3226,1,2,0,,5872.0,1.993,1.353,0.27,0.6458,,,G,4.06187246773256e+27,81410154.298,1.797222887451791,81609.68705832587,0.016796654072553045,0.07254059567814751,127.03370976593774,0.0224665621858298,2.909281622204696,4.3420067
18653,Kepler-1904 b,Kepler-1904,1,1,1,4.577020168,0.0487984065499633,1.3904994,1.9721132907017567,4.044155229475922,0.0,-218.31914832940976,,24982,1,1,0,,3918.0,0.401,0.74,0.175,-0.51988,,,K,1.1777460572070892e+25,8858871.6774,4.044155229475922,13321.541551053648,0.012531198269678303,0.0487984065499633,-218.31914832940976,0.016551379121652294,35.39764454729302,37.896584
36954,TOI-431 d,TOI-431,1,1,3,12.46103,0.098,3.29,9.9,1.36,0.0,-54.13161182840482,633.0,44335,1,3,0,,4850.0,0.731,0.78,0.2,-0.51988,,30.5,K,5.91228e+25,20960590.0,1.5326954750790411,19404.104506026728,0.03411644079397672,0.09682942336146043,-54.13161182840482,0.0753135946804583,4.331229980097435,4.544574
1922,HD 104067 c,HD 104067,1,1,2,13.8992,0.1058,2.23,,,0.29,-46.444230831079075,,2753,1,2,0,,4952.0,0.78,0.82,0.11,-0.51988,,18.3,K,,14207330.0,,,0.0380539356605065,0.10589391474380573,-46.444230831079075,0.09795466586020983,,
5023,K2-24 c,K2-24,1,1,2,42.3391,0.25263567643420853,7.5,15.4,0.2,0.07,0.6484941546645324,,9194,1,2,0,,5717.0,1.51,1.2,,0.04139,,,G,9.196880000000001e+25,47782500.0,0.20125436343531153,16028.898741598381,0.11591813826146476,0.25263567643420853,0.6484941546645324,0.9697581504744011,41.14224686720923,10.511226
7159,Kepler-1016 b,Kepler-1016,1,1,2,1.954524342,0.0301803531298394,2.18,,,0.0,45.44088618895325,,11545,1,2,0,,5778.0,0.744,0.96,-0.105,0.04139,,,G,,13888780.000000002,,,0.005351196008213552,0.0301803531298394,45.44088618895325,0.009862587932401305,,
12552,Kepler-139 f,Kepler-139,1,1,5,355.0,0.989312221306792,2.23,36.0,17.897661341439875,0.0,0.042289122946488,,17887,1,5,0,,5620.0,1.143,1.025,0.34,0.04139,,,G,2.1499200000000002e+26,14207330.0,17.897661341439875,44944.109039449715,0.971937029431896,0.989312221306792,0.042289122946488,1.0,11.99744882941786,18.399456
21190,Kepler-24 e,Kepler-24,1,1,4,18.998355,0.138,2.78,,,0.0,2.173387943709305,,27364,1,4,0,,5896.0,1.24,0.884,-0.36,0.04139,,,G,,17711380.0,,,0.052014661190965095,0.13373177356701402,2.173387943709305,0.23141669440065213,,
20429,Kepler-221 b,Kepler-221,1,1,4,2.795906,0.037,1.71,,,0.0,30.233747260774294,,26774,1,4,0,,5280.0,0.751,0.72,-0.42,0.04139,,,G,,10894410.0,,,0.007654773442847365,0.034812274002049115,30.233747260774294,0.011648985705061104,,
2049,HD 111232 b,HD 111232,1,1,2,1169.13202,2.148,2.23,2531.50326176,1258.555223992525,0.214,0.008970711137466232,,3030,1,2,0,G8 V Fe-1.0,,0.94,0.96,,0.04139,,,,1.5118137479230721e+28,14207330.0,1258.555223992525,376886.6643512165,3.2009090212183438,2.1425911068954853,0.008970711137466232,1.0,11.631659523227267,
12577,Kepler-1392 b,Kepler-1392,1,1,1,15.1410397,0.1181591595931445,1.96,,,0.0,2.964562697104212,,17931,1,1,0,,,0.94,0.96,,0.04139,,,,,12487160.0,,,0.0414539074606434,0.1181591595931445,2.964562697104212,0.12219653215049246,,
14569,Kepler-1548 b,Kepler-1548,1,1,1,124.828679,0.48221403260240875,2.64,,,0.0,0.17799825211442777,,20172,1,1,0,,5331.0,0.764,0.96,,0.04139,,,G,,16819440.0,,,0.3417622970568104,0.48221403260240875,0.17799825211442777,0.9999999978669987,,
35356,NGTS-20 b,NGTS-20,1,1,1,54.18915,0.313,11.99360935,947.12865286,3.0266879827969153,0.432,0.42248058059181987,688.0,42441,1,1,0,G1 IV,5980.0,1.78,1.47,0.15,0.04139,4.1,,G,5.65625231487992e+27,76411285.16885,3.0266879827969153,99403.9162340017,0.1483618069815195,0.3186548412865301,0.42248058059181987,0.9970933117980355,29.296098188004336,10.437917
15577,Kepler-164 b,Kepler-164,1,1,4,5.03503,0.058,1.41,2.0295108248678835,3.9915576725003192,0.0,12.303804994054698,,21398,1,4,0,,5888.0,1.097,0.966,-0.1,0.04139,,,G,1.2120238646111e+25,8983110.0,3.9915576725003192,13420.233936367666,0.013785160848733744,0.0568329589097136,12.303804994054698,0.018110373673390148,34.12683341301381,37.93496
11111,Kepler-129 d,Kepler-129,1,1,3,2646.0,4.0,2.23,,,0.15,0.002586875,,16326,1,3,0,,5770.0,1.641,0.96,,0.04139,,,G,,14207330.0,,,7.24435318275154,3.693375703022194,0.002586875,1.0,,
24575,Kepler-334 c,Kepler-334,1,1,3,12.758005,0.107,1.43,2.0892587859426106,3.939059122275591,0.0,3.6151628963228237,,30264,1,3,0,,5827.0,0.999,0.959,-0.08,0.04139,,,G,1.247705346964927e+25,9110530.0,3.939059122275591,13520.789656418028,0.03492951403148529,0.1053742665251593,3.6151628963228237,0.07955570607670791,33.45772327913774,37.279255
14460,Kepler-154 e,Kepler-154,1,1,5,3.93276465,0.047355487648943984,1.5,2.3054090499070603,3.7660197304955494,0.0,18.456731742560383,,20052,1,5,0,,5937.0,0.832,0.916,-0.4,0.04139,,,G,1.3767902846044964e+25,9556500.0,3.7660197304955494,13867.632495373977,0.010767322792607803,0.047355487648943984,18.456731742560383,0.014579571133587607,28.661380924555687,35.78968
20367,Kepler-22 b,Kepler-22,1,1,1,289.863876,0.812,2.1,9.1,5.2,0.72,1.013,279.0,26723,1,1,0,,5642.0,0.979,0.97,-0.27,0.04139,,,G,5.43452e+25,13379100.0,5.41741221478898,23285.469848243803,0.7936040410677618,0.8485155880873019,0.06277451527578927,1.0,59.99842083149465,32.342636
31862,Kepler-763 b,Kepler-763,1,1,3,1.19655156,0.020476581650647772,1.22,1.5062645365247012,4.573304659102336,0.0,-1239.9043833129183,,38202,1,3,0,,4999.0,0.843,0.8,0.18,-0.51988,,,K,8.995411812125516e+24,7772620.0,4.573304659102336,12429.242658166908,0.0032759796303901438,0.020476581650647772,-1239.9043833129183,0.008487057140650378,46.9564985460069,39.621365
4776,K2-19 c,K2-19,1,1,3,11.8993,0.10062623043875808,4.1,10.8,0.8639339878522111,0.21,4.087643560695151,,8907,1,3,0,,5322.0,0.840476,0.96,,0.04139,,,G,6.449760000000001e+25,26121099.999999996,0.8639339878522111,18154.901878456112,0.032578507871321015,0.10062623043875808,4.087643560695151,0.06785343813238072,4.988492383316691,10.992134
28532,Kepler-529 b,Kepler-529,1,1,3,1.980357663,0.032127133081494834,1.86,,,0.0,439.0774822036583,,34255,1,3,0,,6278.0,1.04,1.128,,0.453195,0.2,,F,,11850060.0,,,0.005421923786447638,0.032127133081494834,439.0774822036583,0.009913170027987821,,
8794,Kepler-112 b,Kepler-112,1,1,2,8.408878,0.076,2.36,,,0.0,7.165858725761773,,13427,1,2,0,,,0.94,0.96,,0.04139,,,,,15035560.0,,,0.02302225325119781,0.07983419717664145,7.165858725761773,0.03495124948657848,,
22911,Kepler-289 d,Kepler-289,1,1,4,66.0282,0.33221847063914917,3.03,5.33,1.14,0.0,4.106176001850169,,28837,1,4,0,,6031.0,1.67,1.122,,0.453195,,,F,3.1830760000000003e+25,19304130.0,1.0563496628180562,14835.980263472376,0.1807753593429158,0.33221847063914917,4.106176001850169,0.9997269656841505,21.28281600475527,14.046576
35040,Kepler-995 b,Kepler-995,1,1,1,28.26731672,0.16572986286659874,2.7,,,0.0,-18.927862319944257,,42088,1,1,0,,5093.0,0.77,0.76,,-0.51988,,,K,,17201700.0,,,0.07739169533196441,0.16572986286659874,-18.927862319944257,0.6577904943825074,,
3074,HD 219134 h,HD 219134,1,1,6,2247.0,3.11,2.23,,,0.06,-0.05575624735062707,,5504,1,6,0,,4884.29,0.750598,0.8,0.0957,-0.53928,,,K,,14207330.0,,,6.151950718685832,3.1167733913650832,-0.05575624735062707,1.0,,
15368,Kepler-1617 b,Kepler-1617,1,1,1,27.4785572,0.1829552547889636,1.2,1.4558390586094703,4.64491748371411,0.0,13.53927266083591,,21124,1,1,0,,6300.0,1.126,1.082,-0.1,0.453195,,,F,8.694270858015757e+24,7645200.0,4.64491748371411,12320.831467654554,0.07523218945927447,0.1829552547889636,13.53927266083591,0.6214509756650047,54.33110148731123,41.76628
18444,Kepler-1885 b,Kepler-1885,1,1,1,2.522559881,0.03598589936390831,1.51110555,2.340708268971107,3.7399970693056095,0.0,31.961761334119814,,24731,1,1,0,,5591.0,0.86,0.977,0.07,0.04139,,,G,1.3978709782295453e+25,9627253.45905,3.7399970693056095,13921.954209531628,0.00690639255578371,0.03598589936390831,31.961761334119814,0.011036079132652603,28.02285701349541,34.240314
9348,Kepler-116 b,Kepler-116,1,1,2,5.968734,0.069,3.42,,,0.0,95.1890359168242,,14105,1,2,0,,6484.0,1.173,1.195,-0.08,0.453195,,,F,,21788820.0,,,0.016341503080082136,0.06833617011131746,95.1890359168242,0.02174783631634889,,
24107,Kepler-321 c,Kepler-321,1,1,2,13.093921,0.11,2.32,,,0.0,3.4206611570247936,,29877,1,2,0,,5692.0,0.94,0.96,,0.04139,,,G,,14780719.999999998,,,0.03584920191649555,0.10725315395234959,3.4206611570247936,0.08461634664342038,,
25002,Kepler-348 b,Kepler-348,1,1,2,7.05677,0.076,1.52,2.3691785455392678,3.719421539979454,0.0,78.46173822714682,,30635,1,2,0,,6395.0,1.186,1.198,0.02,0.453195,,,F,1.4148734273960509e+25,9683920.0,3.719421539979454,13965.32536123508,0.0193203832991102,0.07647088179796313,78.46173822714682,0.02689252935676345,27.709759771064125,32.98692
34385,Kepler-943 b,Kepler-943,1,1,1,49.7701438,0.2624855697710143,5.93,,,0.0,0.6007372478161539,,41240,1,1,0,,5793.0,0.87,0.974,,0.04139,0.4,,G,,37780030.0,,,0.13626322737850788,0.2624855697710143,0.6007372478161539,0.9929944943623088,,
21079,Kepler-238 c,Kepler-238,1,1,5,6.155557,0.069,2.39,,,0.0,8.69355177483722,,27312,1,5,0,,5858.0,0.963,1.056,0.1,0.04139,,,G,,15226690.0,,,0.016852996577686515,0.06693799932198792,8.69355177483722,0.022557130946173024,,
22672,Kepler-282 c,Kepler-282,1,1,4,13.638723,0.106,1.2,1.4558390586094703,4.64491748371411,0.0,3.6836952652189394,,28667,1,4,0,,5656.0,1.129,0.86,-0.2,0.04139,12.88,,G,8.694270858015757e+24,7645200.0,4.64491748371411,12320.831467654554,0.0373407885010267,0.10624010062452499,3.6836952652189394,0.09344697157469144,49.0510614522888,43.83067
7372,Kepler-1028 b,Kepler-1028,1,1,1,2.51462432,0.03526163958819225,1.33,1.7994276120056862,4.216846885579396,0.0,33.288208429716505,,11782,1,1,0,,5679.0,0.841,0.925,-0.14,0.04139,,,G,1.0746181698897959e+25,8473430.0,4.216846885579396,13011.1392945269,0.006884666173853525,0.03526163958819225,33.288208429716505,0.011018770375150965,39.48891704035701,39.47762
16509,Kepler-172 c,Kepler-172,1,1,4,6.388996,0.068,2.86,,,0.0,8.951124567474048,,22482,1,4,0,,5355.0,1.072,0.96,0.012,0.04139,,,G,,18221060.0,,,0.017492117727583845,0.06647402949125536,8.951124567474048,0.02360979127522141,,
